OverallQual,GrLivArea,TotalBsmtSF,GarageCars,BedroomAbvGr,FullBath,YearBuilt,Neighborhood,SalePrice
7,3540,2113,4,3,2,1952,Somerst,835468.50835565
4,2139,1252,3,4,2,2008,Timber,578677.0623363613
8,1327,260,1,3,1,1985,NWAmes,536101.1773296277
5,3230,2046,3,4,3,1942,Blueste,766085.6782685177
7,3551,1472,3,2,2,1982,Mitchel,805271.5336532017
10,855,1447,4,1,3,1971,Mitchel,588409.7262801302
3,3555,459,3,3,2,2015,ClearCr,668422.2072746634
7,1847,300,3,0,2,1971,Edwards,563849.6087076389
8,3704,2966,2,1,3,1941,StoneBr,886592.624328374
5,3435,2334,4,0,2,1989,BrkSide,787077.0372680804
4,2363,629,0,1,2,2011,Mitchel,554153.9727189661
8,626,269,1,1,3,2014,OldTown,434523.6940846131
8,3677,2639,3,4,2,1925,BrkSide,885697.5834182893
3,3556,1993,1,3,2,1922,Mitchel,675452.535355619
6,1103,1628,0,3,2,1942,Sawyer,493902.5166279837
5,3949,1801,1,1,3,1976,Blueste,814516.5840138809
2,2428,2891,0,2,1,1927,Veenker,602041.4154907102
8,1513,861,2,2,3,1908,BrkSide,576992.0392208629
6,550,1280,3,0,1,1919,NridgHt,444554.3249993385
2,3600,2180,0,0,2,1955,NoRidge,720015.7131358644
5,3867,1799,1,4,1,1982,Blmngtn,778907.8210560292
1,3868,1706,3,1,3,2011,Blmngtn,716467.0679126943
10,3326,2560,2,0,3,1938,Blmngtn,875487.0295709403
6,1930,2360,3,0,2,1950,Veenker,629131.4606575661
9,2292,575,0,5,1,1911,BrDale,648491.8163751292
1,3361,2933,2,1,2,1978,Somerst,746618.6688303148
10,2136,2003,1,4,2,1994,IDOTRR,715949.3700601008
3,3976,1307,2,0,3,1954,CollgCr,748834.083418031
7,3917,1956,2,4,1,1977,Gilbert,862778.2136042411
4,2145,2734,4,3,1,1910,NWAmes,660374.8489533674
9,2967,2020,2,4,1,1925,CollgCr,768035.0569456427
3,1705,2212,2,2,1,1941,CollgCr,587081.6426390369
5,3530,2352,3,2,2,1926,CollgCr,785349.565901424
3,3372,1655,1,4,2,1910,SWISU,668767.3046157238
7,3572,1579,3,2,3,1937,NoRidge,832625.8386266786
5,2354,1847,3,3,2,1997,NoRidge,669651.175351124
9,1066,2203,0,1,2,1942,Gilbert,596098.6015211602
7,2918,1390,3,2,3,1918,NridgHt,703684.786731949
2,1435,1742,4,2,3,1963,CollgCr,522956.0811642644
4,2434,1925,4,4,3,1905,Sawyer,708080.3721103949
9,3208,619,0,3,2,1945,BrkSide,743860.1532775708
2,3516,1274,1,1,2,2015,BrDale,676721.7699258513
10,1832,956,1,4,3,2001,NoRidge,655521.855929722
9,3708,1939,3,4,3,2012,Somerst,872387.6933366292
10,701,2381,3,5,3,1941,Edwards,606496.9854081371
5,2860,968,3,3,2,1991,Veenker,656491.0903152757
2,616,2558,1,1,2,1964,BrDale,424401.00089226244
4,1436,1316,2,3,1,1998,Gilbert,502151.1026844797
7,1074,1043,4,1,2,2003,Sawyer,532707.8561550216
8,2791,281,2,3,2,1971,SWISU,665356.3098233173
3,1036,2844,2,4,2,1958,SWISU,516146.439368398
1,2125,2166,1,4,3,1951,Timber,550760.237140194
4,2622,1058,2,0,2,2017,SawyerW,618375.8603641569
2,885,197,0,2,3,1946,SWISU,336297.2490702341
8,3781,2532,3,5,1,2019,Gilbert,927045.9512668897
4,974,1082,0,3,1,1906,Blmngtn,423634.68477433024
2,917,2884,4,5,3,1910,SawyerW,551117.8198560156
6,2894,1184,3,0,3,2002,Timber,705853.7907964522
6,3187,1008,2,2,3,1960,Mitchel,696154.8081823433
10,1438,2738,4,3,2,1967,NridgHt,744391.6647809399
4,1454,1229,3,1,1,1924,NWAmes,507659.454645836
6,1375,1035,2,2,3,1911,Sawyer,472476.3169653174
2,1262,489,0,4,2,1925,Timber,383069.93716329633
10,1702,275,3,0,1,2001,MeadowV,609066.4832411208
2,1705,2740,2,2,2,2009,Gilbert,600530.9477257667
10,1163,2289,0,2,1,1911,BrDale,603898.6662999927
4,524,1239,4,4,2,1942,Blmngtn,421896.90363843454
8,2490,1274,4,3,1,1950,StoneBr,733052.7875212092
7,1703,125,4,1,1,2016,Veenker,566038.1706544836
9,1209,216,4,4,2,1936,NoRidge,541870.8635005374
8,2379,1208,1,1,3,1945,Crawfor,647670.2866705393
5,1684,1246,3,3,1,1952,NWAmes,562934.9145375006
2,2724,2542,3,2,3,1987,SWISU,667613.9771356346
5,784,2474,1,1,2,1979,Gilbert,494643.41469585605
8,562,918,2,0,3,2020,Sawyer,469783.0691734427
10,1502,1317,2,0,3,1912,NWAmes,610960.5577110983
9,1161,2198,4,4,3,1988,OldTown,624948.8877247224
9,3213,2431,0,3,3,2017,Somerst,843230.6751994467
1,2703,1661,2,4,3,1953,Blmngtn,604637.8671724087
9,1992,307,0,4,1,1956,CollgCr,608863.4891277158
7,3620,1359,3,5,1,2015,NoRidge,801539.9909753705
9,1466,1969,0,4,1,2017,IDOTRR,621897.4242439969
8,1348,2793,3,5,2,1903,Timber,650262.3578021732
1,1607,891,1,0,3,1974,ClearCr,453072.0314581222
8,3932,374,1,0,1,1995,Gilbert,744997.0435600834
8,1188,2033,4,4,2,1948,NridgHt,604960.2779328516
3,647,1364,2,0,1,1906,NPkVill,385753.08744991163
1,841,128,4,3,1,2009,IDOTRR,378597.75093176815
8,3023,1014,3,5,3,2021,BrkSide,735550.8495310576
3,1586,1799,4,5,2,1910,MeadowV,506830.22329120454
3,2224,2716,0,4,3,1991,NAmes,621768.4728449358
1,1883,1381,3,0,3,1953,Sawyer,495247.71610212175
5,3108,516,1,1,1,2004,StoneBr,635861.4238463008
10,826,1518,2,5,3,1986,SWISU,563899.3608654834
7,2292,85,3,4,2,1944,StoneBr,583860.3044167839
10,2259,1198,3,4,3,1922,Somerst,722171.2062971329
9,3712,2358,0,3,3,2013,ClearCr,874875.7473311569
7,1489,1142,2,2,3,1927,SWISU,554740.6848873894
9,2762,2474,1,2,1,2006,Somerst,768535.2224630733
8,2982,1993,3,5,2,2010,OldTown,785472.1335322416
2,1451,2161,3,3,1,1956,CollgCr,523962.55715200055
1,1222,302,0,3,1,1925,Blmngtn,355773.0889651898
7,3889,2791,4,3,1,1924,Timber,904067.6876598353
7,2579,587,1,5,1,1953,Timber,614098.1466634495
8,3217,986,2,2,1,1928,SWISU,695736.4681481596
5,2832,1863,3,3,2,1982,MeadowV,740542.3752010387
3,3876,344,3,0,3,1996,NWAmes,668207.2625178294
8,928,813,1,4,1,1935,StoneBr,457650.8408266612
6,2000,1987,4,4,1,1913,Blmngtn,653260.3122600819
3,785,2848,3,1,2,1977,Blueste,474429.6299353856
1,3715,1310,1,1,2,1934,BrDale,644304.0250285023
3,3995,1999,0,5,3,1929,Crawfor,763327.0085161766
5,3590,1677,4,5,2,1991,Blmngtn,817403.7453694809
3,2565,1327,2,4,3,1916,NridgHt,602200.2361654475
1,1268,1092,3,0,1,1966,ClearCr,419216.8145824624
5,3137,2408,1,2,1,1979,StoneBr,740971.6089118632
10,1894,1009,0,2,3,2009,BrkSide,604578.280856502
7,3746,703,2,5,2,1929,Sawyer,753634.957816697
7,3557,574,1,0,3,2015,Veenker,726904.3679214611
9,693,1608,1,5,2,1992,CollgCr,541966.5732427436
10,3049,1112,2,2,1,1944,Edwards,813743.7922538754
10,1487,687,0,5,2,1978,Gilbert,542114.0942253552
3,1636,2828,0,3,3,2009,BrDale,557746.4477685103
7,2661,2632,4,5,3,2019,Timber,742929.8091201631
1,3793,2636,3,4,1,1988,Somerst,749832.7181349898
4,2201,488,2,5,2,1950,IDOTRR,522207.9571776401
4,1446,1347,2,4,2,2001,BrDale,482163.073849972
5,1330,493,2,0,2,2005,Blueste,496411.8406105956
7,2420,1667,0,2,1,2022,MeadowV,672662.9540770086
7,3835,1637,3,1,2,1946,IDOTRR,845867.112593081
4,3472,18,4,1,3,1952,SWISU,652666.9235066501
7,554,2444,1,2,2,1963,Blmngtn,522485.6704843983
3,1299,1000,1,1,1,2017,Crawfor,483492.8128243263
6,1277,850,2,5,2,2015,SWISU,511645.59609781776
2,1981,1388,3,0,2,2021,BrDale,555759.1309831889
10,2401,1354,0,0,3,1937,StoneBr,689150.8739456654
9,2709,1367,3,2,2,1963,Blueste,759870.3468672852
5,3951,821,3,1,3,1986,NAmes,753771.612803894
6,2634,454,0,5,3,1988,Veenker,566971.5524788066
4,554,1624,2,0,1,2005,Crawfor,436948.34224157914
10,2323,2772,3,0,3,1906,Gilbert,782093.9371479207
7,1701,710,1,3,3,1921,CollgCr,515204.37281205476
9,3962,2190,0,3,1,1980,ClearCr,887529.8570334634
7,3920,916,4,0,3,1981,NPkVill,798029.4703009336
1,3579,2875,2,2,1,2012,Somerst,804702.8255692536
1,1332,2652,0,4,2,1940,Mitchel,450511.15533172665
9,812,1496,4,4,1,1973,CollgCr,549041.5011509972
9,3306,1440,4,5,3,1909,StoneBr,830891.0221329558
4,2358,304,3,0,1,1956,CollgCr,553939.5623871982
9,2507,735,3,0,3,1906,NPkVill,705034.0461852443
3,2506,2338,3,0,2,2011,NPkVill,666207.821077958
7,2990,1963,0,2,1,1949,Edwards,720403.8574413763
6,2290,2149,0,3,2,2001,NAmes,628968.1521384073
8,827,2009,2,0,3,1990,Blmngtn,583571.6616145606
9,3625,2914,3,0,3,1951,OldTown,887530.996288214
5,3308,2889,4,1,2,1932,Edwards,819628.1192232833
1,3810,961,1,2,1,1900,CollgCr,667429.9751451369
3,3800,2989,2,5,1,2007,NoRidge,807611.6439194008
10,3126,1026,0,0,3,1952,Sawyer,753017.049286244
8,3622,2132,2,1,2,1959,NridgHt,825025.4779067796
6,3554,2375,2,4,2,1933,Timber,816704.8543340861
8,1787,2863,2,5,1,1903,Blueste,631231.4233783678
9,3989,1473,2,0,1,1916,BrDale,878464.5267811362
4,2643,2501,1,0,1,1903,NWAmes,672039.5268195142
1,1611,1947,3,1,2,1942,NAmes,498193.6860056064
1,3649,2676,4,2,1,2017,NPkVill,765246.0454932769
10,1811,1177,2,0,1,1989,NWAmes,631378.8721613574
4,3691,664,2,4,3,1903,NAmes,644340.1462384823
7,3361,11,2,0,1,1900,MeadowV,696021.5013990792
2,3038,1156,3,4,1,1970,Veenker,654930.9234436938
3,951,303,0,5,2,1993,IDOTRR,334761.96056126524
1,2023,1763,0,5,2,1949,SawyerW,484300.39846007177
5,664,2830,1,3,3,1972,NoRidge,530146.4978605488
1,681,42,0,3,1,1960,IDOTRR,293377.79519893706
8,3016,943,2,4,3,1934,IDOTRR,781412.1691261341
1,1409,2390,2,2,2,1907,Edwards,512613.149376518
1,3282,1349,2,0,3,1923,NWAmes,644658.489437861
2,1322,2545,1,0,2,1982,StoneBr,492374.22600010235
2,1443,2411,2,3,3,1935,Veenker,528846.1159278137
6,2501,890,0,4,3,1949,Sawyer,639408.2732495074
7,2554,2474,3,0,1,2015,Gilbert,747312.1846985419
5,829,1004,3,0,3,2022,Timber,462955.70852525736
1,1274,20,4,2,1,1942,Mitchel,385427.07053213863
1,2698,406,0,1,1,1926,NAmes,489410.0263705553
3,3656,2666,2,3,1,1931,Somerst,777379.2702824663
2,646,1014,3,3,1,1977,Blmngtn,387879.4427655136
5,3952,335,0,1,3,2020,BrkSide,743549.7282636132
10,1414,1838,3,0,2,1917,ClearCr,651212.151149786
6,2071,1147,2,2,2,1927,CollgCr,610644.5709212702
7,1808,2446,3,2,2,1928,Blmngtn,662708.694360159
4,3247,2840,4,3,3,1915,MeadowV,790995.1888356449
7,581,1827,4,2,1,1998,NPkVill,524248.83088416205
8,1013,714,3,5,2,1946,Somerst,533069.4597389041
1,2420,50,0,1,3,2022,StoneBr,481264.71658176894
6,3362,323,0,0,1,1958,Gilbert,646816.8773388438
8,3256,788,0,5,2,1930,Somerst,740047.508413412
5,2439,140,3,1,1,1903,SawyerW,567870.4522610395
4,1245,469,0,4,2,1936,CollgCr,412154.066107477
2,3570,786,2,3,2,1916,BrDale,633699.8377665996
6,1909,1825,4,2,2,1938,BrDale,641914.0055619648
6,1206,1357,2,4,1,1947,SawyerW,523057.56622192956
1,970,1916,0,2,3,1945,NWAmes,414716.14371083374
9,3690,963,2,5,1,1989,MeadowV,823854.4156863696
6,895,372,0,0,2,1947,NAmes,434971.69290700357
3,2055,2541,3,0,1,1938,CollgCr,671875.6823230612
4,2808,1692,2,0,3,2004,MeadowV,666593.835146637
4,1304,2798,3,2,1,1903,NoRidge,555908.5322685485
3,1433,1179,3,4,3,1929,SawyerW,444753.7333532353
10,1779,2338,1,0,3,1929,BrDale,673793.6640361883
3,2257,1671,0,4,1,1921,Blueste,586056.9730150582
3,1404,105,4,2,2,1974,Mitchel,457448.49013546214
4,3797,1443,0,5,3,1965,Veenker,701350.2790697002
7,1576,2717,4,4,1,2007,BrDale,723434.2488199844
4,3487,1681,0,5,3,1911,CollgCr,710385.2895532302
9,2390,1,3,2,2,1993,Edwards,657556.3343976068
1,2023,2636,2,2,1,1935,BrDale,612484.5035987216
8,3401,2691,2,3,1,1917,Somerst,881139.1144165642
7,1887,2137,1,2,1,1989,BrDale,660072.7495166432
2,1803,349,4,2,2,1952,Edwards,489534.2788165251
8,1092,1286,4,1,3,1970,IDOTRR,588955.7019234174
1,3261,1062,4,0,1,1900,Crawfor,624380.6573657597
9,3729,2956,3,3,3,1957,MeadowV,932135.8579508839
9,3179,2206,4,3,3,1989,Crawfor,858586.4098814942
2,2606,2359,2,3,2,1986,BrDale,634614.3481124318
7,627,444,3,1,1,1989,Veenker,434491.60980568896
10,1235,2345,0,5,3,2008,CollgCr,636227.3919738267
3,3268,951,4,2,1,1905,BrkSide,645091.3478418816
7,3686,35,4,0,1,1969,BrkSide,748537.4514174446
10,3780,1107,0,4,2,1943,BrDale,792040.8569598697
9,3073,1475,4,5,1,1971,NWAmes,804970.770210151
4,1020,1798,0,2,1,1923,Crawfor,431574.5100886367
1,3099,1845,3,1,3,1985,Gilbert,642580.5388001399
2,736,1408,2,2,2,1918,NridgHt,405882.0214896169
1,1804,1195,0,2,1,2000,NWAmes,475972.9342302506
5,3930,1399,1,1,3,1917,BrkSide,778097.18417767
5,3772,1708,0,3,2,1994,CollgCr,768394.6782894776
7,2281,1385,4,3,2,2000,IDOTRR,654964.5336950502
9,1801,2606,3,0,3,1929,ClearCr,732912.1670973351
9,3806,2938,3,0,3,2020,Somerst,917571.9727098978
3,3041,2188,0,3,3,1941,NWAmes,689491.5164090865
3,2551,2934,2,5,3,1932,Sawyer,687554.095149634
3,3213,1300,1,4,3,1973,NWAmes,680778.0302947907
4,941,2773,3,2,1,2000,Veenker,543247.369680326
8,2576,1243,4,4,1,1911,NoRidge,694474.7178557796
6,3680,520,4,2,2,2017,NPkVill,729846.949516815
8,3157,1806,2,3,1,1993,Timber,761668.4133085415
1,1304,9,3,0,1,1926,CollgCr,340714.50502785976
8,574,983,0,5,1,1938,Sawyer,479190.0583387313
4,3385,2425,4,0,3,1908,StoneBr,791898.339060648
1,3717,1656,2,4,2,2017,MeadowV,707273.9985051369
8,2675,1660,3,0,2,1920,Sawyer,731839.1817585344
4,2589,2729,3,3,2,1975,StoneBr,744069.1887292502
6,1879,2631,3,5,2,2018,NAmes,669287.0303407199
8,540,2199,3,4,1,1928,SWISU,551168.3361628779
4,3481,719,3,5,1,1932,Edwards,686292.9697334176
3,2581,1072,4,2,3,2006,BrkSide,605533.838670731
9,3588,858,2,0,2,1961,MeadowV,810419.489796622
3,2200,1316,3,5,1,2016,Timber,564730.0662159096
9,3724,1603,1,1,1,1914,IDOTRR,819938.4434697072
2,3545,49,1,0,3,1901,Gilbert,610679.3877081871
2,1901,2711,2,2,3,1951,Veenker,570797.8326687532
2,1087,2578,0,5,3,2002,NoRidge,480469.6405615036
6,2122,2904,0,4,1,2016,Gilbert,672173.4376047294
3,841,145,0,2,1,1943,NWAmes,345418.974035467
9,2574,914,1,1,3,1953,SawyerW,674934.2176306675
4,3858,1462,0,5,2,1917,MeadowV,717788.2249450182
1,1145,2289,4,3,3,1902,Blueste,462755.3575637943
4,1230,580,3,0,3,1906,BrDale,469466.60219722905
1,667,2734,1,4,3,1942,Blmngtn,431037.6966850266
5,1109,1584,2,3,3,1981,CollgCr,526571.0164758733
4,2815,482,2,5,1,2007,NridgHt,626807.7312908792
8,2272,1249,3,5,2,1937,Sawyer,664151.7134572865
8,2540,672,1,2,3,1936,Blueste,668831.6996877713
7,3368,630,0,5,2,1957,Mitchel,703717.5855613314
3,954,2708,0,4,2,1932,Edwards,480826.52989041497
1,3453,661,4,3,2,2007,NridgHt,664097.3419332155
1,2208,2852,4,4,3,1958,NPkVill,630275.3692563087
3,3972,2466,0,1,1,1994,Somerst,772851.5148987254
6,3469,987,2,1,3,2021,BrkSide,748125.866310533
7,3528,1546,2,0,2,1910,SawyerW,755785.7469566083
6,1201,649,4,0,2,1967,SWISU,514196.25962279236
6,3181,968,3,1,1,2022,OldTown,688708.1689828363
6,2099,2637,0,5,3,1981,IDOTRR,640162.0074826364
3,629,1100,4,4,2,1967,SWISU,426292.7939653824
6,3567,2556,4,1,1,2012,CollgCr,792295.0800514638
8,2345,440,0,0,2,1997,Timber,652250.2371814951
2,1886,920,0,1,1,1992,SWISU,490489.854414092
5,3366,769,2,5,1,1987,Mitchel,656979.3375502052
1,1192,1343,3,1,3,1921,Blueste,476419.9721338646
1,3863,1826,3,4,2,1965,Veenker,777582.0778497204
5,1894,262,0,3,3,1943,Blueste,493190.1668202052
3,1293,1577,1,5,2,1905,SWISU,450120.2187059951
4,528,2684,4,0,3,1941,BrkSide,534826.0714840572
3,648,2506,4,4,2,1924,NoRidge,475624.1972511948
1,1819,998,0,1,3,2018,Timber,456820.7901562571
1,2558,699,1,1,1,1956,Timber,540695.7946784553
5,3223,2349,2,3,2,1984,NPkVill,755079.770724136
6,1636,1603,0,0,2,1954,Gilbert,554328.9149936666
3,686,1241,0,0,1,2022,Edwards,367402.10045589565
9,3354,1125,4,2,3,1915,OldTown,790539.1380852397
5,3291,2601,0,0,2,1994,NridgHt,753334.6030748787
8,1750,2335,0,3,2,1913,NPkVill,618278.7362193067
1,1833,1190,0,2,3,1938,NPkVill,433641.28363581246
5,597,2668,4,2,1,1927,Gilbert,526472.0263328798
3,554,1005,2,1,3,1995,BrDale,348155.9170865608
1,3170,35,2,1,3,1991,SWISU,540266.7396875734
4,3211,743,0,0,3,1950,Sawyer,672141.8798719405
5,1257,1764,4,2,2,2018,SawyerW,548790.6270571986
7,905,352,2,1,1,1948,Timber,453485.531835923
1,2616,1922,2,3,1,1908,Gilbert,581501.0833097032
3,3883,72,2,1,3,1957,Sawyer,660916.9523709134
2,1812,2695,4,5,2,1944,Edwards,601847.3773967677
9,2285,1376,4,5,3,1921,ClearCr,719497.323063556
10,1250,1914,0,1,2,1931,Mitchel,605984.8317387096
6,3719,1093,3,2,2,1968,SawyerW,769073.2515372412
10,2262,2472,2,2,2,1986,Gilbert,794655.4623598012
3,3815,707,3,4,2,1968,Timber,673443.904910595
8,3505,1804,4,5,1,1941,BrkSide,833648.3596690255
8,864,2608,4,3,2,1952,IDOTRR,614704.9308070246
2,2526,2875,4,2,2,1995,Timber,660316.3427980177
6,981,955,3,0,3,1958,NoRidge,489347.2679301741
7,2748,2564,4,5,3,1973,Gilbert,762066.4707839623
2,653,2475,0,3,1,2022,ClearCr,443993.3814140301
10,2024,159,4,3,3,1938,SWISU,617385.8668899124
2,2620,2196,1,2,2,2021,SWISU,645146.6732484011
10,3260,2823,3,3,3,1914,MeadowV,887083.8968582088
1,2843,1735,1,2,1,1970,NridgHt,589089.3228113258
8,1540,1585,4,1,3,1928,NAmes,605956.0580069146
1,2164,66,0,5,3,2022,BrkSide,462513.1559197493
9,1740,2428,2,4,1,2010,SawyerW,683362.7573193208
6,560,57,4,1,1,1902,MeadowV,385705.02881011035
7,1438,341,0,5,2,1982,MeadowV,520079.2663801624
10,2139,1153,3,2,3,1909,Mitchel,674363.8837301069
7,2589,2774,1,5,2,1991,BrDale,744810.3537171102
10,524,1195,1,2,3,1928,StoneBr,531326.0755147453
3,1562,2817,1,1,3,1978,ClearCr,568009.152055619
2,630,2661,3,0,2,1934,Blueste,494067.03091739945
9,1752,1232,0,0,3,1905,IDOTRR,590600.9926342465
8,607,2401,3,5,3,1911,Timber,557639.7732680052
10,671,1494,1,0,3,2010,Gilbert,550136.4371946463
7,1958,1821,4,2,1,1937,NPkVill,672974.6990514799
9,601,115,2,3,2,1976,Crawfor,489222.46255676186
4,3413,661,3,2,1,1992,Veenker,685022.330192574
4,3071,1465,3,3,2,1918,CollgCr,679396.7233927943
1,2822,2500,0,1,2,1966,Sawyer,594140.1626434027
8,2136,1868,0,4,3,1907,StoneBr,659947.6237959339
3,3615,2334,3,3,2,1907,Timber,745893.9998000709
7,3364,1016,1,0,1,2018,NAmes,751368.7262119754
2,3504,310,2,2,1,2021,CollgCr,619806.3162156395
2,1540,207,0,1,1,1983,NAmes,397837.2389125986
7,829,2665,1,0,2,1946,Timber,531544.6397083286
6,2020,2493,4,1,1,1903,SWISU,640720.9583247493
3,511,2717,0,4,2,1950,Crawfor,479169.74080367223
9,1841,632,1,2,1,1984,NridgHt,606693.6781913055
10,715,2102,1,5,1,1966,Timber,591286.7095526122
6,838,2959,2,2,2,1944,BrDale,547904.1007363449
10,2299,656,2,4,1,1907,Crawfor,690910.4721435723
10,3208,1423,4,2,3,1986,OldTown,844452.7979180872
6,3652,1931,1,5,2,1915,ClearCr,767201.4561115438
1,2250,2562,1,3,2,1976,NoRidge,559509.8912830923
4,2008,1679,2,1,2,1966,NPkVill,566699.4463234545
10,2921,236,0,5,3,2011,Blmngtn,704434.3470258578
6,3523,347,0,0,2,1908,NWAmes,683792.1400628046
6,1209,2674,3,4,1,1959,IDOTRR,601267.880164773
5,1723,629,2,3,1,1977,IDOTRR,547424.6021728041
1,3013,1540,3,0,1,1976,NoRidge,611600.8629980788
8,1612,2003,2,0,2,2016,Edwards,621216.7601794216
5,1791,1271,4,4,1,2020,SWISU,584651.9804370364
5,988,363,1,3,2,1970,Blmngtn,390088.30368338106
7,2061,2368,4,0,1,1914,CollgCr,709814.7499702123
4,546,285,2,0,3,1970,Timber,367809.26528952253
6,3859,148,1,3,3,2001,Blueste,716639.2391818011
4,1277,1107,0,2,3,1997,Sawyer,454878.9425350172
3,1539,2453,0,0,3,1940,Blmngtn,548749.9156424246
7,1210,455,3,1,2,1921,Edwards,523412.9587067706
8,900,1766,2,3,1,1923,Edwards,545672.5628317329
4,2317,799,2,0,3,2012,OldTown,584685.3764711575
2,3528,1184,0,4,2,2000,NWAmes,669267.4092368068
10,3657,1012,4,5,3,1943,Somerst,857310.5245124942
3,749,2831,1,1,3,1900,Edwards,472340.6996074255
1,890,2507,4,5,2,1909,ClearCr,472873.354149812
8,834,1523,4,5,2,2006,Edwards,539368.2671414125
3,1128,2785,0,0,1,1979,NWAmes,511372.1113858785
10,636,2556,0,1,1,2009,BrkSide,587637.4748874749
7,3430,480,0,1,3,1971,IDOTRR,696302.6875241307
10,3235,1686,3,2,3,1955,NridgHt,798769.5797627314
5,2021,2161,4,5,1,2012,IDOTRR,630798.0449717514
10,1326,2796,2,1,1,1988,NWAmes,681482.1035174924
5,1226,1601,1,2,2,1949,CollgCr,525450.7836127752
7,2000,2408,3,3,1,1911,Blueste,687216.4698080798
9,3141,340,2,2,1,1988,SawyerW,748693.484960558
5,3794,2817,4,4,3,1980,ClearCr,883108.2676480026
1,1489,2010,0,0,1,1959,Crawfor,471886.1829049899
10,2919,2808,4,3,3,1925,ClearCr,867605.868213606
10,1434,2496,1,3,1,2009,NoRidge,659640.1200662958
1,3542,1866,3,4,2,2011,NridgHt,738333.4252914662
2,901,834,3,2,1,1977,Veenker,371143.1185657962
6,1966,1203,1,0,1,1940,IDOTRR,583124.68176417
9,1114,1725,2,2,1,1935,NAmes,607805.9800709076
8,1796,1689,2,1,3,2020,Timber,662984.7515506267
5,1682,310,3,2,2,1922,NAmes,482798.21819121356
1,3723,261,3,3,1,1942,NAmes,621151.9399426482
7,3542,1442,0,0,3,1905,CollgCr,740820.9045576467
5,3167,405,2,2,2,2010,SawyerW,618341.3154086795
6,2735,2190,1,0,3,1968,IDOTRR,712406.5348348992
7,1621,341,2,0,3,1942,SWISU,518997.69207520044
3,630,1339,0,1,2,1924,Veenker,412459.6456942269
10,3352,243,3,1,1,1917,NAmes,781353.4887637735
3,1694,489,3,3,3,1961,NPkVill,480778.03900428215
5,3483,11,0,4,3,1912,Edwards,630596.0093525826
6,3533,560,1,0,1,1942,NoRidge,707802.3213957135
9,682,41,3,4,1,1977,OldTown,472832.5236816844
5,3530,2725,4,3,2,1927,Veenker,823340.7821778621
1,863,593,3,0,2,1917,Sawyer,395682.71541663934
4,538,1452,4,0,2,1958,BrkSide,420904.8768930464
5,3044,1826,0,5,1,1959,BrDale,688227.1626270346
10,1872,1693,0,4,3,1962,MeadowV,682177.7680060444
10,3529,133,3,2,3,1956,SawyerW,777147.1831642835
5,1420,947,2,1,2,1991,BrDale,540060.8368121674
7,3968,72,4,2,1,1950,Timber,788969.1830602367
4,3269,398,1,4,3,1955,Edwards,617922.1916966075
1,3732,1428,3,1,2,1926,Veenker,691281.3740454996
5,515,2625,1,2,3,1931,ClearCr,471757.825316244
7,992,2906,3,5,3,2010,ClearCr,599566.8337129181
10,1949,129,2,1,1,1908,IDOTRR,609346.0404058084
10,1631,2978,2,0,1,2003,Crawfor,757575.2232380356
6,3441,1811,2,2,3,1995,BrDale,789058.9007956943
5,810,2001,2,1,2,1983,NAmes,498898.44787005486
4,1238,265,0,5,1,1991,OldTown,431773.72389604786
2,3741,1560,0,1,3,1996,Veenker,697072.3742083166
4,1045,1985,4,1,1,1967,NoRidge,497052.13948749425
10,2961,792,1,5,1,1945,IDOTRR,737297.2476162338
10,750,2300,3,2,1,2020,Edwards,620536.8080803707
3,1258,2869,3,3,3,1997,StoneBr,574183.8067385192
10,2304,1312,0,2,2,2011,Veenker,685770.5899879581
1,3712,163,3,4,2,1966,NAmes,607696.7084867846
8,1797,94,0,5,2,1925,IDOTRR,535989.0608642639
5,3987,1805,4,2,1,1907,Somerst,806741.509920109
4,2131,2880,1,1,3,1905,SawyerW,631129.8156083273
8,2414,1133,4,5,1,1979,NoRidge,694332.4085421775
7,3610,2383,2,0,2,1923,Blmngtn,824789.1167255109
2,1313,821,2,2,2,1947,Gilbert,446313.65485705633
1,528,237,2,5,3,2002,NAmes,333135.9021200884
4,1457,2428,4,2,1,1993,ClearCr,603658.2148591643
8,2532,2946,3,5,2,1944,Blmngtn,749476.0566969027
2,976,2530,1,1,3,1912,NPkVill,452460.5267539633
3,817,1960,2,0,1,1968,StoneBr,452926.9576193561
1,744,2949,2,0,1,1924,OldTown,417324.5348129985
1,1247,1048,2,4,2,1919,NWAmes,391482.1656570144
3,1196,1676,1,5,2,2017,Edwards,471271.400615349
5,771,2529,2,2,1,1981,StoneBr,512670.51837741875
3,2271,2964,1,0,1,2010,Somerst,646473.0035461783
1,1762,963,2,0,2,1981,ClearCr,434833.43277446093
1,2924,536,4,3,1,1965,NPkVill,566494.3529856632
8,765,1603,4,3,2,1973,NridgHt,556988.1950145316
10,3473,1979,1,0,1,2018,Mitchel,858254.0294284974
2,1420,127,4,5,2,1944,Edwards,431687.87155295763
3,3930,91,1,4,3,2013,NWAmes,676621.4872399507
2,839,542,4,0,2,1946,Mitchel,377457.86062491674
3,888,845,4,1,2,1962,NridgHt,429652.37766150245
7,3124,1681,1,2,3,1975,MeadowV,727950.1381060992
1,2550,1851,3,4,1,2010,Crawfor,593145.4336194543
10,1665,2494,4,1,3,1976,Mitchel,707687.6505610059
8,875,389,2,4,2,2013,BrDale,509558.4886455252
10,2533,2719,3,1,1,2010,NPkVill,814780.1139893853
10,2871,1884,1,2,3,2020,Mitchel,814578.8689245613
10,645,42,3,2,1,1954,BrkSide,498229.9213737689
2,2481,253,0,3,1,1974,MeadowV,480436.75476687535
3,792,1083,0,5,3,1918,Crawfor,390172.1319800304
9,931,2710,4,1,1,1934,Somerst,658194.3653017569
7,1204,2514,4,3,3,2002,Timber,624748.3841679498
4,3496,2334,2,1,2,1952,NPkVill,762980.5870468247
10,2498,1540,3,3,1,1925,OldTown,738270.8538328984
5,3132,1953,0,2,2,2009,NPkVill,712232.064529547
2,898,2825,4,4,2,1913,Blueste,507107.96377604286
8,3364,2392,3,3,1,2017,NridgHt,836123.6837176298
4,3915,641,4,1,3,1944,Somerst,716364.0812664069
9,1463,2429,4,1,1,1943,OldTown,707809.4099916639
5,3711,689,0,5,2,1987,Sawyer,716332.4101196948
9,2734,1276,0,2,2,2004,SWISU,706646.8378925723
4,2541,1950,4,1,3,1964,Crawfor,672393.1451431611
10,2328,1079,1,0,1,1950,BrDale,662178.4266465402
5,2608,1486,4,4,2,1942,IDOTRR,629758.5805217929
9,1438,456,4,3,2,2018,BrDale,610082.661749556
8,3951,982,2,5,2,1985,IDOTRR,827291.0228052308
3,1209,2130,2,4,3,1922,Sawyer,498645.9506103077
1,1306,1122,2,2,2,1955,NAmes,426853.1440962591
3,1963,148,1,5,2,2017,Somerst,539922.633178394
4,3890,1352,1,3,1,1918,NAmes,755781.9057249065
2,1825,1179,4,3,1,1981,BrDale,498641.19467250386
1,3915,189,2,0,2,1975,IDOTRR,604842.4721615935
7,510,882,1,2,2,1954,Veenker,461590.7152671883
8,1585,2310,0,5,1,1991,BrkSide,650221.9170846002
7,2368,399,4,5,3,1991,Sawyer,647351.2153510088
5,2773,2811,3,1,3,1959,Timber,727492.4193820121
1,3724,608,4,0,3,1958,Timber,665865.7077976795
7,3111,1795,3,0,3,1932,Crawfor,749583.0966251307
7,1271,1638,2,5,3,1918,StoneBr,574055.6377204192
9,2094,1575,3,5,3,1927,CollgCr,710503.1381454468
3,2107,2832,2,4,3,2022,NAmes,623630.5448234093
9,1833,2148,0,4,3,1951,NWAmes,688436.2032243084
1,1384,1382,3,4,1,1948,NoRidge,454597.0479912542
1,3814,1403,4,0,3,1936,Sawyer,714987.4642488398
4,1889,819,2,1,3,1925,SawyerW,496157.33272618393
9,3901,819,4,3,3,1998,Veenker,855494.290119098
6,3678,419,1,4,2,1997,Sawyer,704938.3122517066
3,725,123,2,1,1,1998,NPkVill,367942.6690802835
1,1324,421,3,2,1,1939,Blmngtn,426693.25339302525
4,2765,1508,2,4,1,1979,Blueste,655590.404186327
9,1436,1597,4,3,3,1937,NoRidge,619132.9018713363
3,3300,767,0,2,3,1976,Gilbert,638479.3218355518
9,3053,2044,2,2,2,1986,Mitchel,814135.7749157543
7,2806,2530,3,3,1,1953,StoneBr,813572.0349280061
4,2411,2566,1,4,3,1921,Veenker,656579.3592180188
3,2296,2202,0,0,1,1915,NAmes,579490.5001755187
10,553,2139,1,3,2,1927,Timber,580362.8245129276
5,3618,1549,2,3,2,2011,Sawyer,757796.4385538881
5,1226,2502,4,3,2,1934,Veenker,582705.0197942355
3,3236,1764,4,2,1,1959,Somerst,689130.479392489
9,2044,2044,3,1,3,1944,OldTown,708551.3037439317
4,3670,2645,4,0,3,1945,StoneBr,814366.0939498087
5,1543,509,0,4,2,1971,NridgHt,474283.02648526244
4,2413,1206,4,4,3,2007,Blueste,610482.2527513836
5,2276,385,3,1,2,1954,NAmes,578014.582606906
7,2096,1597,2,3,1,2018,BrkSide,632780.5516631634
9,2414,2452,2,0,2,1985,Veenker,739320.1079895201
7,2966,2293,4,4,1,1984,OldTown,803840.7234145288
5,3237,741,1,5,2,1925,NridgHt,675605.0035617457
10,1349,2708,2,4,3,2003,NPkVill,664447.910386393
10,2609,2697,4,3,3,1984,NoRidge,797558.8990713507
7,3716,1911,3,5,2,1924,Sawyer,809375.1590920687
10,2763,1446,4,1,3,2004,NPkVill,786434.020110536
5,502,900,2,0,3,1964,ClearCr,434686.9914953101
3,659,2112,3,1,3,1905,Edwards,448945.1086437496
7,1280,2260,4,1,1,1922,OldTown,597812.7790254394
2,3691,2009,0,0,3,2014,NoRidge,713921.7245816612
9,1392,241,3,0,1,1963,Sawyer,555269.6776950083
10,2530,2540,0,4,2,1986,NAmes,750979.85385094
10,3660,2385,1,4,3,1942,IDOTRR,861948.7423016258
1,2876,2020,3,0,3,2006,Edwards,612236.0499576941
6,1079,172,0,5,3,1922,Blmngtn,478297.0306981587
7,2433,671,2,2,2,1995,Gilbert,653549.6288054723
8,1880,163,2,4,1,1929,NPkVill,557175.6788292928
10,1790,464,1,2,1,1976,Blmngtn,631965.3364565787
9,2140,496,3,5,3,2006,NPkVill,638038.8742467707
2,1451,699,3,0,2,1917,NAmes,463253.6079394746
10,3894,2442,3,5,2,1986,Gilbert,941706.129141389
2,3182,702,1,4,2,1978,NWAmes,587922.975004054
5,1487,1940,3,1,2,1996,ClearCr,588896.4069165793
5,1718,2355,2,0,2,1920,SWISU,604300.3914544737
6,1420,1791,0,3,1,1956,BrDale,555115.3554435865
3,3285,182,2,2,1,2002,NWAmes,622110.1404636821
8,1855,628,2,5,1,1922,BrkSide,593200.2954574185
1,669,2557,0,0,3,1990,CollgCr,429761.0777617349
6,1020,1731,2,5,2,1944,Somerst,574626.1369763534
4,1986,545,1,0,3,1943,Somerst,535125.8380109911
1,539,1587,0,4,2,1981,Blmngtn,355742.9032056609
7,2060,623,2,4,1,1987,NAmes,589637.8617020085
9,3832,593,4,4,3,2014,Blmngtn,830235.3016399601
4,1918,743,2,5,1,1946,NAmes,498427.41410779103
4,1454,1768,1,3,2,1939,Sawyer,530990.8708510643
6,3797,1459,3,4,2,1950,BrDale,777351.5461668331
3,1483,1948,2,0,2,1941,Somerst,512350.91375901474
6,3695,2601,3,4,1,1906,Timber,853556.97405804
7,1474,2068,4,1,2,1949,StoneBr,620953.4939240695
10,537,2601,2,4,1,1947,Gilbert,588604.2401894149
10,2875,2444,0,5,3,1983,Somerst,784050.3862778872
3,1774,2672,3,3,2,1990,SWISU,624106.5346460962
7,1699,104,4,1,2,1905,StoneBr,528935.5626909424
3,2125,2239,0,5,2,1990,Sawyer,571732.483461041
2,1413,16,0,5,3,1908,SWISU,337065.4116033228
10,953,392,0,5,2,2016,OldTown,516102.779043842
4,536,424,0,0,1,2008,NPkVill,348934.1022727688
8,3887,2176,2,5,1,1956,SWISU,876737.1583393683
9,2211,571,2,0,2,1930,Somerst,619157.3664608485
7,3520,2076,2,5,2,1920,NPkVill,822483.6158707027
1,1295,1120,4,2,3,1989,Blueste,407615.78894307767
3,1472,241,4,1,3,1939,NWAmes,451306.4500003519
9,1092,2279,4,2,3,2011,SWISU,646559.7656627917
1,1637,788,1,5,2,1944,CollgCr,428655.4801341217
9,3611,714,4,1,3,1976,Gilbert,817555.0974232054
8,1824,758,2,1,3,1948,SWISU,610873.4336852173
1,2771,2849,2,3,1,1986,Blueste,684643.974099461
6,817,775,1,2,3,1919,ClearCr,439237.8414337412
5,2896,2773,1,3,1,2000,NAmes,718893.1472972077
6,2662,2247,4,1,1,2017,Edwards,751464.3456458552
10,3245,2992,3,0,3,2016,Sawyer,900095.2123051162
5,1846,78,1,1,1,1991,Sawyer,522892.3942324436
6,2091,855,0,3,2,1916,IDOTRR,551410.6677125575
5,3611,2514,2,2,2,1927,Blueste,782339.7822273443
5,2389,2628,0,5,3,1940,ClearCr,667175.8750190536
4,2587,1439,2,5,2,1965,Sawyer,592341.6441752601
3,2496,2987,2,2,1,1924,Sawyer,662001.4257248343
3,2272,2496,1,5,2,1957,Blueste,611103.188467833
4,1812,2134,1,5,3,2013,NridgHt,583609.4464154537
9,1785,2148,0,3,3,1940,BrDale,639974.558074596
2,715,1031,2,2,1,1905,Veenker,355959.990554641
9,3718,844,0,4,3,1974,Blueste,814538.273813928
1,2883,86,3,0,2,2020,ClearCr,544330.7709082869
1,3739,2090,0,0,3,1937,OldTown,709392.7436780592
5,2639,407,4,5,1,1905,BrDale,603914.2519723307
6,2900,2711,0,0,3,1944,NWAmes,738860.9807515825
6,3118,1668,4,2,2,1974,OldTown,756890.6885405843
3,3363,147,4,2,1,1913,CollgCr,669901.0981524653
7,2204,2324,4,1,2,1965,NPkVill,708747.6363965704
9,3328,231,3,1,1,1939,Veenker,744924.6221255924
10,862,1950,0,0,3,1902,Gilbert,595863.0605547348
8,3104,365,0,4,1,2018,MeadowV,682853.7712302982
6,3916,1674,3,1,1,2016,CollgCr,832592.5838334551
8,2216,435,2,1,3,1998,Mitchel,643369.1841283806
5,1693,398,1,2,2,1996,Veenker,487283.1625660212
8,855,1234,0,4,3,1923,ClearCr,506309.2489296731
10,690,1414,1,5,1,1918,Crawfor,576411.0142029002
4,2969,2546,3,0,3,1917,StoneBr,744326.3609767631
10,1199,2587,2,1,1,1963,Gilbert,671248.6613936962
8,2554,562,2,4,3,2012,Blmngtn,660213.5737633473
10,2680,2489,2,4,3,2015,Gilbert,801863.6343745033
2,1056,1284,3,0,2,1987,IDOTRR,418736.28153528384
5,1325,772,4,4,1,2008,SWISU,542092.4791993136
9,3308,2397,4,4,2,1934,OldTown,890359.4209074
4,1554,2037,1,4,1,1961,NAmes,530207.7104491885
6,3082,2567,4,1,3,1900,NPkVill,793303.7399615628
1,925,1343,4,0,1,1999,Sawyer,421776.5299701262
9,3965,2185,2,4,2,1924,BrDale,921838.3092264815
1,3219,1573,2,4,2,1944,ClearCr,642606.023966027
5,2910,991,1,1,2,1948,Timber,644893.624785393
4,2074,2415,0,0,1,2006,NridgHt,597916.2879540864
3,2629,1246,1,2,2,1997,Veenker,601717.3569025166
6,2903,359,1,1,2,1988,NoRidge,630086.3485807476
2,3829,920,3,0,2,1915,CollgCr,694813.6989025968
3,1088,2376,3,4,3,1997,MeadowV,515780.5784108337
5,2512,2510,1,0,3,1992,SawyerW,678450.162402597
9,2047,2993,1,0,1,1918,OldTown,716695.1845273636
2,794,962,1,5,1,1922,Blueste,379983.905054946
10,2485,1827,4,0,2,1982,NoRidge,778901.4068275806
8,1747,2883,3,2,3,1924,Sawyer,736998.4171093286
2,2048,1613,1,0,2,1915,StoneBr,506303.1032324478
5,3617,1640,2,2,2,1953,Gilbert,771505.9638446599
7,2190,2216,2,4,3,2014,Mitchel,689547.0706394672
8,1636,216,4,2,3,1972,StoneBr,613595.1679665311
1,1756,377,4,4,3,1900,BrDale,455429.43834122934
6,2564,118,0,4,1,1941,Blmngtn,582893.7716327017
1,859,189,0,2,1,1918,Edwards,305547.9513005236
2,3794,2814,0,1,2,1996,CollgCr,745637.5789066876
1,3413,369,4,3,1,1933,NAmes,619277.8558528186
5,1199,1801,4,0,3,1979,SWISU,520203.94781726477
10,947,2196,4,5,3,2007,Veenker,618474.3182283005
9,3403,651,2,3,1,2003,NPkVill,793398.7687365899
6,2912,1882,4,0,2,1954,Blueste,705457.5172191187
1,1174,1511,2,0,2,1917,OldTown,418258.52883418323
1,1507,769,0,4,1,1933,Gilbert,381467.4701748208
2,1849,2421,0,0,2,1988,Blueste,536700.5861522068
9,3014,780,0,5,2,1944,Edwards,718490.9060467869
3,2961,1716,1,0,2,1905,Mitchel,662091.1058192834
1,1085,2207,1,2,3,1920,Blmngtn,465202.67179465445
5,1756,2398,3,3,3,2021,SawyerW,609220.9356168236
7,1747,1311,3,2,1,1969,StoneBr,597830.7612674647
6,1493,2939,3,5,3,1995,Crawfor,726801.0024442391
1,1935,1249,1,0,2,2004,OldTown,481349.7062812928
5,1071,522,1,5,3,1947,NAmes,420255.7840800819
5,2882,521,3,4,1,2006,Veenker,630533.9847451713
6,1745,782,3,2,3,1938,NridgHt,552517.2016738134
3,2584,2320,4,2,2,1930,NAmes,659545.2527442308
5,1488,935,3,1,2,2005,Gilbert,521362.59753610264
7,777,2230,4,0,1,1909,SawyerW,559671.4689254687
5,1719,1688,2,4,3,1929,Mitchel,568631.8427541368
5,3463,487,1,2,3,2020,Blmngtn,663540.2700545761
5,2387,1850,3,2,3,2015,NAmes,670086.6204231227
10,983,845,1,4,2,1917,Veenker,544670.9389976137
10,1765,2171,1,5,1,1959,Mitchel,700881.6334109985
3,3895,2837,1,5,3,1987,NWAmes,765760.9189254969
1,1230,2461,2,0,2,2015,SWISU,490686.88487382955
5,2739,2003,0,1,2,1972,NAmes,631538.0736819596
9,1540,1748,3,2,2,1994,Edwards,647288.5821104684
1,3071,685,0,1,3,1914,BrDale,565908.7258550616
3,1417,2160,0,5,3,1903,OldTown,520915.5830320473
4,2948,2935,0,5,3,1962,BrkSide,724439.2012819401
1,1385,2169,1,3,3,1939,MeadowV,484357.81470585975
1,3252,1567,4,0,3,1908,Mitchel,648369.9007583509
8,521,1245,1,3,3,2008,SawyerW,474966.64460150077
2,973,38,1,3,3,1908,Mitchel,393855.16325047455
8,3691,2544,0,3,3,1925,NridgHt,865343.2062373043
7,2757,779,1,0,3,1903,Sawyer,631490.3229706922
10,2853,1256,0,0,2,1980,ClearCr,711406.7215693402
10,3841,2990,4,4,3,1915,SawyerW,955798.6110187285
2,1203,2196,3,1,1,1914,BrkSide,515337.3701261733
6,1186,2708,0,1,2,1998,NPkVill,574774.7830805754
6,784,1927,4,4,3,2020,IDOTRR,492269.6035527743
3,1215,301,3,4,1,1951,Gilbert,418104.13153620186
2,1262,2285,2,5,3,1968,MeadowV,497201.968995029
1,1750,646,0,3,1,2018,Sawyer,380786.6524106904
6,1447,662,0,4,1,1904,SWISU,488683.3230410038
5,2928,2283,2,2,1,1919,NWAmes,698582.6398481735
9,3007,1759,2,1,1,1978,OldTown,749739.0717842337
1,1530,2250,0,4,2,1917,Crawfor,509290.15160330804
7,528,255,2,2,2,2010,MeadowV,405397.95598430146
5,1406,597,1,2,1,1901,Edwards,457204.3052908744
5,3604,661,3,2,3,1992,NoRidge,709038.3422786664
2,3426,234,3,5,1,1912,NPkVill,615544.7750184861
3,2626,1368,3,5,2,1903,Somerst,646626.2121411174
7,3494,2581,1,2,3,1941,CollgCr,798626.2625952814
6,3006,2907,2,5,2,2008,NoRidge,780613.9297110281
2,1069,769,4,3,2,1973,NridgHt,425067.23758052796
6,2506,2588,2,2,3,1960,NAmes,698624.1650568099
2,1953,212,0,3,1,1994,Mitchel,438842.2719084279
2,1237,462,3,3,1,2004,BrDale,429089.9961349911
2,3856,2483,2,2,1,1907,NPkVill,745335.9002658702
3,1015,282,4,1,1,1966,Edwards,405427.1498253964
2,2500,1486,0,2,3,2011,SawyerW,556772.9214616143
4,3670,1430,1,2,3,1962,SawyerW,722623.8663773133
9,2944,87,1,5,3,2009,Timber,694513.0342924648
6,538,1067,4,2,2,1908,NWAmes,469681.2153621376
1,3842,460,0,1,3,1993,OldTown,665251.0860392468
8,1386,2325,3,5,1,2016,SawyerW,593280.4713629158
7,3344,2468,2,0,2,1910,BrDale,805452.1732158911
10,2704,1724,0,0,1,1998,Edwards,729111.2785551562
3,1598,1376,1,3,1,2000,NoRidge,490892.5999869819
1,3431,2743,4,3,3,1941,OldTown,751967.3466138815
5,2323,514,4,1,3,1912,Edwards,613155.8504428476
4,3701,702,2,4,1,1935,NPkVill,723594.2915363682
10,2210,1653,4,0,1,2019,Sawyer,770255.8502970085
8,1473,2066,4,3,2,1912,Blueste,638321.2985675915
1,3655,22,0,0,3,1911,NAmes,605670.6054941432
10,3593,2460,3,1,2,1936,NAmes,937836.9958921168
1,2062,1053,2,1,2,1973,Mitchel,498926.0090908302
4,3396,1830,0,4,2,2019,Edwards,736544.7320313513
8,3953,2155,3,4,1,1972,CollgCr,891074.7403703316
5,3295,1304,0,5,2,1951,BrkSide,718004.6503110175
2,1488,1134,0,1,2,1970,NAmes,439266.73525272886
6,520,2183,4,3,1,1901,Mitchel,499059.5903661363
5,2850,361,3,0,3,2017,Blmngtn,612350.1713945677
2,1368,2176,2,2,3,1955,ClearCr,497627.41933524696
3,583,1899,2,4,2,1959,Blmngtn,430837.76388656604
9,2182,1284,3,2,1,1922,SWISU,665682.946772481
7,2476,514,4,3,3,2002,Crawfor,648497.8308200869
7,1910,448,1,4,2,1939,Mitchel,546769.0138115847
6,2030,1923,0,2,2,1963,Veenker,593910.4890733898
8,3828,1506,4,3,1,2002,IDOTRR,879017.6932310717
4,1069,1247,3,0,2,1984,Veenker,501888.0720621157
8,1433,1855,0,3,3,1922,SawyerW,608878.6535658462
4,3733,873,2,5,1,1928,NWAmes,708066.88418757
8,2480,2520,1,4,3,1977,Sawyer,741252.3438921625
9,3734,1428,2,1,3,1989,SawyerW,822436.532885213
3,2355,2349,3,0,3,1950,Edwards,646242.6579048268
3,3556,2278,0,2,2,1968,IDOTRR,729692.6341237124
2,1292,1754,3,4,2,2018,NridgHt,545578.9479305136
10,1291,922,0,1,3,1994,Sawyer,596342.0472403149
3,2309,2984,4,3,3,1988,Somerst,685204.8985314171
3,1794,2159,1,1,1,1930,NoRidge,549517.8137801335
5,3039,1036,4,4,1,1949,NPkVill,710626.1307415445
5,2755,1416,4,4,2,1919,CollgCr,659885.2265923895
2,2107,2547,3,5,2,2007,NWAmes,631542.7562402806
10,1583,2979,1,5,1,1954,SWISU,690907.129995254
6,2977,2645,0,1,3,1980,BrkSide,736719.5228557053
5,1484,2281,0,3,2,2008,OldTown,526486.4100119108
6,2180,2649,2,1,3,1901,Mitchel,692831.5244609818
1,3880,313,0,4,1,1924,StoneBr,621048.5805252638
5,1019,2613,3,4,2,1912,Sawyer,542520.3395046795
9,1090,2256,4,2,2,2021,NridgHt,625317.2241804836
10,1550,1997,4,5,1,2002,Blueste,722624.4445340014
2,2209,1037,4,2,2,1991,MeadowV,549177.9212479366
1,2535,1656,1,0,1,2005,Somerst,551454.0925095885
10,2746,2634,0,4,2,2018,MeadowV,846538.6592723605
9,2934,1778,3,2,1,1969,Mitchel,776058.7416171657
10,848,1014,1,1,2,1966,StoneBr,564872.3414290757
9,1459,1093,2,5,3,1957,Blmngtn,573230.1887197886
9,2463,1124,3,5,3,1998,StoneBr,705201.0753958606
6,1192,697,3,3,3,1981,Sawyer,512195.8245076477
8,2059,2179,3,1,2,1974,NAmes,701093.2610079194
1,877,1404,4,3,2,2017,Blmngtn,424475.260430261
10,3446,1155,3,2,3,1983,NoRidge,819873.3030795199
4,3463,1043,0,0,3,1963,Gilbert,642794.0769620081
1,1026,1929,3,1,1,1968,Edwards,475161.52768729423
8,3724,2583,4,1,1,1982,OldTown,890193.4324525186
1,3281,1013,3,1,1,1985,NoRidge,633030.2491106468
3,2753,226,2,3,3,1958,Blueste,576439.1498326465
4,3002,1828,2,2,3,1959,BrDale,693675.1640862279
8,3844,1492,4,1,3,1982,NAmes,843028.1746612357
6,1759,821,0,1,1,2010,Veenker,561145.2992390355
10,2375,2023,0,5,2,1961,NoRidge,745023.5835004974
7,2263,870,1,0,3,1915,Mitchel,615275.4730069046
8,1020,2452,4,5,2,1987,Crawfor,626811.6960717178
2,2201,2249,3,5,2,2004,BrkSide,636595.2468851411
10,1516,2085,4,0,2,1967,NPkVill,677948.755614937
8,3503,2989,1,2,1,1914,Gilbert,869455.1165673549
3,3273,1795,4,5,2,1988,NridgHt,705277.4101679964
7,1513,187,4,2,3,2007,Crawfor,502623.8838731999
3,3048,1080,1,5,1,1954,Blueste,584945.3095027424
7,616,940,0,4,3,1934,BrDale,421707.27250046574
2,2933,2320,3,0,3,1954,Veenker,661531.1366797541
10,1867,2630,1,5,1,1913,BrkSide,762958.9949872172
6,1083,2563,2,4,3,1948,IDOTRR,585217.7686861218
3,894,525,0,3,3,1982,NoRidge,389616.8604171884
3,1587,335,2,4,1,2001,BrkSide,442808.4298749929
9,3268,2745,0,1,3,1999,SawyerW,845176.543390389
7,571,1078,3,5,2,1906,Gilbert,517723.0596949243
5,773,2547,3,4,3,1929,MeadowV,503261.6465244487
10,2513,2947,4,2,2,1982,Sawyer,845974.7759473462
7,1843,2813,2,3,3,1948,Edwards,711975.9153382053
9,837,2583,0,5,1,1988,NAmes,610968.8617094448
1,1889,161,3,1,1,1915,ClearCr,474480.7922785047
7,1106,593,1,4,3,2010,Mitchel,495507.30513054255
6,665,1938,3,3,1,2017,Veenker,527169.060503742
10,2067,2206,1,5,3,2003,Sawyer,729495.4877358074
9,2558,59,0,3,1,1950,CollgCr,644416.9111827916
1,1824,2962,3,1,2,1971,NWAmes,559295.8717539315
4,1228,1901,3,4,3,1981,Timber,541796.9681788736
9,3348,2258,0,3,2,1991,Edwards,832684.9662553411
4,2543,405,3,3,2,1979,SWISU,583703.187325091
10,601,663,1,0,3,2015,Crawfor,539677.8327563171
3,3996,1132,3,3,2,1982,IDOTRR,739092.2920179045
9,1915,1099,2,0,3,1941,Sawyer,664706.4406924087
2,1278,541,4,4,2,1916,Blmngtn,452595.5719419951
4,713,1337,1,5,3,1962,NWAmes,441460.8876917093
6,1611,997,2,5,3,1944,Timber,526048.0065852684
2,2076,1140,0,4,1,1976,Somerst,509381.5659468631
8,2948,2974,1,4,3,1906,BrDale,843269.48602263
8,3135,867,4,2,3,1926,Blmngtn,713078.9293062659
1,3436,2066,4,4,2,1909,NoRidge,694046.830114076
3,3617,431,0,3,3,1933,Timber,659796.170393364
10,2195,739,0,5,1,1935,BrkSide,647643.5880042473
9,1091,1373,1,1,2,1924,NoRidge,576347.7563394775
5,1833,182,3,5,2,1905,NWAmes,541083.8205719824
6,1609,2160,0,0,1,1923,BrDale,585840.1256629761
4,2639,1206,3,5,2,1917,Veenker,636079.8104171108
10,3220,2528,2,2,2,1986,Timber,868837.418671604
2,1213,1169,4,4,2,1905,SWISU,456206.11763940635
8,1435,830,3,4,2,1928,OldTown,609852.0486979254
6,2451,1651,4,5,1,1924,BrDale,678771.030146387
5,741,1136,3,1,1,1954,MeadowV,449236.9192410884
9,2543,2810,2,1,2,1980,MeadowV,813635.0845803953
1,501,475,0,2,2,1945,OldTown,271491.5533551641
5,2772,2810,2,0,1,1923,Edwards,717705.5708546952
6,3348,1326,0,5,1,1974,StoneBr,706333.0941209475
5,2268,970,0,4,1,1925,NridgHt,562682.5095508392
6,2449,1019,4,5,2,2014,Veenker,653006.0107025988
6,3136,1141,2,2,2,1997,BrDale,724331.9917933102
7,2663,1836,3,3,3,1927,SWISU,713952.7672948265
4,1417,160,2,3,1,1902,Timber,454689.2693847037
8,3674,2448,4,2,2,1974,Edwards,904483.6140968356
7,2741,197,0,4,1,1937,Blueste,604579.7760133392
9,3737,1283,4,2,2,1960,MeadowV,870704.120373969
7,3418,659,1,4,1,1977,SawyerW,741118.3696591657
3,589,1775,1,1,2,1950,MeadowV,377431.27126738284
3,2209,1070,3,2,3,1989,NoRidge,569169.6190574793
8,2669,2010,4,4,3,1947,Edwards,751971.8378339817
5,642,398,3,2,1,1920,NAmes,432161.29960664886
4,3541,1733,3,2,2,1953,NoRidge,735717.8762945287
8,605,1582,1,4,2,1955,Crawfor,478310.3368937866
6,1386,2125,3,4,1,2002,Blmngtn,594453.6636666234
2,927,2171,1,0,2,1993,Timber,432610.55391801766
4,1828,74,0,2,1,1958,Blmngtn,479291.70529075776
4,2395,2184,4,3,2,1971,Gilbert,649627.7500223642
6,2494,601,3,2,1,1950,Blueste,624099.8710162345
6,816,836,1,2,2,1919,Gilbert,476216.2085432833
1,2486,1528,2,4,1,2011,BrDale,588070.5724442827
8,1134,499,3,2,2,1995,Timber,537406.784065779
6,2425,1596,0,5,3,1985,NAmes,638248.4457489545
3,2556,137,0,2,2,1958,BrDale,525907.9291242218
9,3321,2097,2,5,1,1970,NPkVill,847729.6790545011
2,3644,1794,1,3,3,1908,SWISU,675167.9527356902
8,3930,972,3,4,2,2008,NoRidge,849426.7448784768
10,2770,1642,1,2,3,1900,NAmes,737066.1189488583
3,1939,1885,0,5,2,1928,BrDale,552399.0387002456
5,1052,2301,1,5,3,1962,Blmngtn,504312.1919090072
6,3941,2028,0,5,1,1971,NPkVill,851855.9248674123
10,1215,2757,1,1,2,1955,ClearCr,680116.8324987408
6,1787,1900,2,0,2,2017,MeadowV,584279.494424281
4,2213,2610,4,3,1,1967,BrDale,668481.4674753969
3,2383,2804,2,2,3,1934,Edwards,641471.5591183073
4,3889,1449,2,1,1,2022,Mitchel,750755.4614043727
1,1607,546,4,2,1,1902,NPkVill,441142.07052936836
4,1841,921,4,2,3,2017,MeadowV,533290.1250066301
1,610,580,3,4,1,2008,Timber,356029.3152996887
1,750,1372,3,4,2,2003,Gilbert,407993.08173998684
10,2930,1956,2,4,2,1906,Mitchel,808428.4954988398
6,2554,2003,2,1,2,1926,SawyerW,687759.9094291826
5,958,2096,0,2,1,1900,StoneBr,503796.36571889964
4,1607,2964,0,0,2,1990,SawyerW,603727.7101215597
3,707,703,3,3,2,1979,Gilbert,402848.35473483364
1,1399,2308,3,4,2,2001,IDOTRR,479162.51953639527
6,3961,2403,0,4,2,1970,NoRidge,817482.2777226198
2,3885,1625,0,2,2,1943,NoRidge,698688.7815701577
8,521,637,1,2,2,1986,ClearCr,423034.18204300606
10,909,2790,1,1,1,1940,ClearCr,638880.0626666306
5,1394,1009,0,1,2,2022,StoneBr,520270.10414647235
7,1014,2978,1,4,2,1974,SawyerW,622733.8073351919
10,3698,640,4,2,3,1941,NAmes,850692.5228800975
2,1308,2839,3,0,1,2016,NWAmes,558904.2386774311
8,1373,2659,3,3,1,1932,Blueste,697755.9106192676
2,513,1861,0,2,1,1949,NAmes,396127.27664356725
4,1470,2856,2,2,1,1962,NPkVill,604512.7137357669
1,3525,1205,0,5,2,1999,NoRidge,603871.7061132769
5,3561,685,1,1,2,1936,Veenker,720606.3758871254
9,3583,1851,2,3,3,2004,Veenker,859219.9470061113
1,2634,187,1,4,3,1958,Mitchel,496954.31309134647
9,3456,1619,4,2,1,1980,BrDale,837997.2375186352
8,2060,1687,1,4,3,1998,Sawyer,649178.0912666151
6,1824,984,4,2,3,1947,Sawyer,611435.537567218
7,1766,547,4,4,1,1904,BrkSide,573782.8214148525
3,2669,2772,1,3,1,1947,SawyerW,659966.428822595
1,3718,2973,1,1,3,1995,NWAmes,734519.0639053977
5,1249,1431,4,3,2,1902,Mitchel,530061.9758892572
2,3927,875,2,5,3,2015,Sawyer,690757.8059156444
5,1184,617,4,0,3,1946,Sawyer,472094.8889500069
8,2427,2461,3,1,2,1961,Somerst,724206.8806144906
9,2856,1365,4,3,2,1998,StoneBr,792837.1471900899
2,1194,1243,2,5,1,2015,NPkVill,440289.53449100466
3,2835,902,3,0,1,1913,OldTown,588195.2268595196
3,806,162,0,5,3,1962,CollgCr,339475.27717334236
1,2489,1974,0,2,2,2011,Timber,579682.6411193124
8,3461,269,2,2,1,1960,NWAmes,736126.8174320662
6,1161,631,4,4,3,1930,IDOTRR,504469.8749554122
8,1048,905,1,1,2,1994,NPkVill,520300.9651598062
9,3923,2014,2,2,3,1916,NPkVill,859062.8844711784
5,811,1641,3,5,1,1923,Timber,504420.1708652706
3,3420,204,3,1,1,2015,BrkSide,609535.0767923613
5,1582,581,0,2,2,1922,Timber,488680.73149222886
5,3471,1579,3,4,3,1981,Mitchel,766461.4184299089
5,2237,840,2,3,2,1949,Blueste,576203.1259244164
3,1254,1836,3,4,1,2017,ClearCr,515968.45047611115
10,534,1251,2,0,1,1977,OldTown,528107.2906151956
4,944,1719,1,2,3,2013,Somerst,478959.9040618223
9,2640,1642,0,0,3,1978,NridgHt,743758.4508703781
10,2482,2643,3,0,3,1978,StoneBr,792307.4714722933
9,1730,2297,2,5,2,1969,NoRidge,698229.2971790461
2,852,874,4,1,3,1926,Gilbert,435347.96004776226
8,1402,1464,0,5,3,1914,CollgCr,570091.3052506872
8,1855,2243,1,2,1,1949,SawyerW,652487.9155115718
7,3409,689,2,0,1,1935,IDOTRR,774114.6567817107
8,2248,2010,1,3,3,2018,SWISU,698874.1247808952
3,658,2686,1,0,3,1907,CollgCr,465430.59807605756
6,2477,1422,3,3,1,1978,NridgHt,671647.4841906722
1,1456,2001,3,5,3,1902,Timber,494807.26655198564
7,2571,671,2,5,2,1961,NoRidge,639972.5010910203
1,903,1171,4,1,2,1946,NAmes,407249.8172140834
9,3352,1495,2,0,2,1976,Sawyer,826593.6748687354
1,1015,943,4,4,3,2004,Somerst,401581.9795753049
1,3279,2246,1,5,1,1997,Blueste,661500.1204574661
7,1887,1449,0,5,3,1987,CollgCr,594008.310490627
2,3953,2539,2,1,3,2003,NWAmes,760594.5436403163
5,3079,895,2,3,1,1995,NPkVill,658493.2107629686
8,1455,2189,4,1,1,1960,Edwards,636478.401527198
8,2699,1336,1,0,1,1931,SWISU,699789.5495266394
3,2212,164,1,2,2,1993,IDOTRR,515422.91311411536
7,3494,2361,4,2,3,2015,BrDale,878024.2819375894
3,1107,2068,1,3,1,2012,ClearCr,486443.7723438373
6,2967,1105,3,5,3,1912,ClearCr,702279.3950285742
6,1773,1753,0,3,2,1900,Somerst,579817.8761181539
3,3688,2352,2,5,2,1933,Blmngtn,717831.2208958669
7,3413,1938,0,5,1,1961,Blueste,751342.1817627945
3,2035,370,2,2,1,1978,Mitchel,515025.2858232948
8,3125,1880,3,3,3,2007,SWISU,814369.7034383916
10,2882,852,1,1,1,1977,NPkVill,755212.1605023994
4,1941,383,4,5,3,2020,Gilbert,531693.7603107322
1,3479,1931,3,4,1,1992,MeadowV,653753.3107879804
4,2297,2492,0,4,3,1997,Somerst,613429.5002864165
7,794,424,4,1,3,1981,Blueste,461189.84308705677
4,1254,2208,1,4,3,2017,StoneBr,540075.3715818143
6,1894,628,3,0,3,1970,CollgCr,560652.578071668
9,685,894,4,5,2,1992,CollgCr,566208.0101626083
1,1769,2537,3,1,3,2018,SawyerW,584902.7667572151
5,1136,2374,3,3,1,1930,Crawfor,588773.9689244173
7,1791,597,1,5,2,1963,Sawyer,536919.7401271355
1,3808,2336,2,1,2,1924,NPkVill,739817.8242428314
4,1029,592,4,2,3,1937,Crawfor,436649.5182212426
6,2568,1687,1,3,2,1913,BrkSide,669007.4363646659
2,3458,572,3,2,3,1907,OldTown,618987.7251451208
10,3414,2075,1,5,1,1990,Crawfor,878673.1273510291
5,1293,2090,2,3,3,1953,Blueste,533361.3689959223
10,2647,1704,4,4,2,1901,SawyerW,741055.219506578
1,3299,2470,2,1,1,1980,Somerst,732075.6163148632
6,977,176,0,5,3,2000,SawyerW,435349.9335913586
6,2122,528,4,0,1,1977,BrDale,574917.4647116375
4,3869,1633,2,3,1,1988,ClearCr,764104.5776986172
8,1439,965,3,3,2,1955,ClearCr,566112.8581056623
4,1025,1517,4,5,1,1993,NAmes,497764.8289360888
8,2881,197,4,5,2,1992,SawyerW,713205.6167182964
8,501,2657,1,2,1,1983,Veenker,564165.5818580727
5,874,2889,3,4,3,1984,NPkVill,565324.5804101703
4,2840,852,0,2,1,1960,SWISU,602705.0622661902
2,3384,1537,2,2,3,2016,BrDale,698423.4151505602
3,3552,2069,1,4,3,1921,Edwards,682240.8356332622
3,1052,1080,2,0,1,1934,BrDale,417621.34613479127
4,2865,2889,0,2,3,2000,Somerst,691376.7433348766
4,2025,97,0,2,1,1915,StoneBr,498975.15546005784
10,2351,1903,4,3,1,1949,NPkVill,750368.1476864306
5,880,434,0,4,3,2021,SawyerW,386080.89215419104
4,2146,636,2,1,3,2012,Timber,558586.5509223386
10,513,587,3,0,2,1942,BrDale,486675.0483818055
8,1003,343,3,0,3,1916,BrkSide,492035.47034983285
6,2778,1317,4,4,2,1979,Timber,749172.8780176339
6,2508,1979,2,5,3,1957,Veenker,701192.7710800695
8,3655,570,2,5,1,2018,StoneBr,771579.1878517065
7,629,610,0,3,3,1901,StoneBr,421077.4374811163
10,1337,1727,2,3,1,1903,SWISU,648499.7517244294
10,3716,2290,1,4,1,1984,NWAmes,907757.4086020926
8,3438,1854,0,3,1,1938,Blmngtn,791811.9897890188
2,2540,2608,1,0,2,1997,Sawyer,636171.1988447885
9,527,959,4,0,3,1993,Sawyer,490353.03039124055
